INDUSTRY,EXP_LEVEL,EXP_TITLE_ROLE,BATCH_NUM,PERSON_IDS
hospital & health care,vp,health,1,"['ysaX-mmYrlzfKXbgNPKy0Q_0000', 'rs7t8-XvILeBB2EWc2f9KQ_0000', 'TRI3h5pg9Zvz5W4HPh8NnQ_0000', 'QqO7Bb9YBLAqVuFIPN--1w_0000', 'KlxZWLdCSz9kQzBzRgZGYA_0000', 'LSA49ZcjR4cNjWRo2p8Esw_0000', 'UAlyqBZqtMvaoYukOGmS-Q_0000', 'YTYCBUabl-2dIlllycygow_0000', 'NSEvCayyBjp-XwnSPkWO1A_0000', '3jplZJTfS2G0ygAIcmV7Yg_0000', 'X2GJ9M4ZKBSSBcld5Rtp6A_0000', 'f1Yax0FPr55BvS82WgSRWw_0000', 'LAbc0Z1fMwHBrxn2zaDh8g_0000', 'BiQmfzO632uBodhZT-qFlw_0000', 'guwxz3Tim89jtcN0RIRwWg_0000', '3Xb348gk0HSbBUHvmB2RHQ_0000', 'D7aj4-03v7aCWRN6XCg-Mw_0000', 'E6BeWQb2mFPJM-BAOnzgCQ_0000', 'DDopUMn7zu8dkmsWBBOgQw_0000', 'fcZbtW5Sfis4tyRQrtfl8Q_0000', 'sbvceyD2F4HB08yz60YWSw_0000', '-AUWVa355dgPzgsMTVB7SQ_0000', '0D9b3QQoSQRHDQuod78Q8w_0000', '8aBBh8tS1Zqy8PeDQYDWqQ_0000', '45LmwD8qwrYFZBpmPEXDjw_0000', 'zZJBkIdEs3QduLk1yrddZw_0000', 'Y9Vn-Dszc9U9ZIhJFgMRtg_0000', 'c5spguMObMC7Eggn7g-ukw_0000', '0rXRl-h9ZL-UmCpCpE89qw_0000', 'VFexZZnoRIrv5YgiRNgxsA_0000', 'aW4ekShM7iKzbLc5bByVew_0000', '9l2I2ADf6a-i2Bcsu52Pfw_0000', 'S8J7WeeAtZjqSfQzZGj4VA_0000', 'Uq2GV408kI0f6tHAweydbA_0000', 'n4jRdK6QcYFhKzJiNlly5A_0000', 's-vbjwKZ4Yxlfmk7YN1ylA_0000', 'i7KN7WaljiMW-ZzlomoClQ_0000', 'B05S2CqhQ7YbtcB2BUdfOg_0000', 'yHRQaHzwXBHcdUVkkCVaKQ_0000', 'LSedLwFo4vvOuRqlPsKL4g_0000', 'wxDoJfarpohFMC48BsM-iQ_0000', 'evcorJwWE-TZp6VEgPw8oA_0000', 'fBQas7CmcUPHPf2VtZuIFg_0000', '1rDsvP8RtjHCIMkENWTNRg_0000', 'UVSJIZGSDfRAkHmsI-FLDw_0000', 'OOsIKBlbBbwlNc6CMd2hPg_0000', '7gRRgkkrHP6e7cZ9jxw3bg_0000', '7JqVYcM-iglTdnrZYaWBtQ_0000', 'cbJmkE7-2gwpe3DTW2FQEw_0000', '4WUyo0BDZkeWnf91aalgdw_0000']"
hospital & health care,entry,health,1,"['bkmUikdqVwCJ3EdlhgFt8w_0000', 'oa6zR1z-kQRyHE2-AyYGZw_0000', 'MSwKr5pG7NpDq02ZkYGoxA_0000', 'bCQVO1rV6Nqv2rdiGuNB2Q_0000', '5UK4SOBhwwrA909jrFTeZQ_0000', 'FDMJUB3cN8ADNZzpkK7mFw_0000', 'OLwsXPPUvhBwhBmKKqukqg_0000', 'zMoV5CgXo2fmoyQ8C3F-fQ_0000', '8Wo23uXgt5rpcbMbtETzFQ_0000', 'qOZtDBL5oBFi5MAv5BkJjA_0000', '762VtQ5NVzcCvvFTPmgHEg_0000', 'osnFJie7EzAdVWlEJEdm3g_0000', 'fmdLUFDZcM7t6NGvez2ceg_0000', 'SrjHtVdkDOzTdu88ThYCKA_0000', 'VZSpp99BmTHmAYFf207vBA_0000', 'y1qaBXoWaqOTZ6f9Iy47wg_0000', 'UOMdPHE44V7qoUuDZ6tc5g_0000', 'SoXYOzCGmjXfLCze6hc3Jg_0000', '3Trg6UIrWBnSpKdm26phGg_0000', 'ex3VBF1zHJFDFpv5EnOQjQ_0000', 'kYkzz1HGovtQBSy-41Mjww_0000', 'uEUFEvVZLQ5iyDUlhN9FCw_0000', 'EaOVfTfiMSSruAmNB7utVw_0000', 'T7FunRn2SGOnFJPhkA4Tmg_0000', 'UQ8U0YCVils9uz3jrmXBWw_0000', 'VXBV0mx7fZHQgzgXT03xFg_0000', '4FDc6HjAuS7TvkXMBAw5Vw_0000', 'mftKhNjgbvJBgJei3xDxJQ_0000', 'iHA3XcORL6B7Qxh-X2Ag-Q_0000', 'B8V5nMV2lnzpKe7NCIZ9Sg_0000', '1GhkFfC6omaDGHneDMvtvw_0000', 'Mfz5kzNssRgvYPshVuzBSA_0000', '2ZhEK8o7kx7Am9nPZHbtig_0000', 'Fk-GhkWBBwQ3z8R4LYmLew_0000', 'ZTvL3W03OoeEM1ptsy0CnA_0000', '0Fji2eZ2u4R0tAfpfN4-NQ_0000', 'rSznJZhfcip9NoBoMtjczA_0000', 'cOHZynLG0lExPs-nwcl57Q_0000', 'S1qqnqmBNpeViVjwiFI5hw_0000', 'i6dgGLHYytr2YMZEtuGqZQ_0000', 'd2EIef7Ojotdr7sKWv5Mog_0000', 'Im73Ok6RK1VezIS26BFPWA_0000', '9OBlK7yAv8Fk6wiCLE58VQ_0000', '31zGIxPQdU9-c3-8AfA2eQ_0000', '9w3th4Msyw1YUMex6fxwpQ_0000', 'xLhKucszElEddFbLHWJ3OQ_0000', '4D8LqpKBf8GhBXVf3n7Bpg_0000', '3r2naXgVpDwowaG64oGJCQ_0000', 'aefNaCiAgFMnBjqFo1OsoQ_0000', '0qxWUhTaGBfUB6PYqpn1BA_0000']"
hospital & health care,entry,health,2,"['Oa8BFxW0teUB8NMu5AtcRA_0000', 'UuE-Znzdp9M5IzcPFSjMwg_0000', 'lQeRlM5D5FawXCz7U3I2jQ_0000', 'L-o29S5hS2QtBJW71tVBgQ_0000', 'x-5bWB-eajcdqsl2oRBdxQ_0000', 'ZYFaVB0TrDlpIY-AuRfdNQ_0000', 'ivJr3zBKfDj3M46HWjXvuA_0000', '5GiEqYlYo7hUSoJBPVcPSw_0000', '5qk8CoU9Yv5Ov-vqK5C-nw_0000', 'oxdhiEKcorFzSlwdvUdd0w_0000', 'MA5-0-RlhBnMSQdNNG8wPA_0000', '5HDdIkGJxBP2bPETd6MfTQ_0000', 'QANz6TWRzO3RmkNetcDN4g_0000', 'NNZUuomBczPGS2GaKUdxiw_0000', 'cIUc9hn3WS6D0d60-bPFKg_0000', 'pF7no0dVVYCvo3j3kqDkMQ_0000', 'K6RlDHfByHY8LyWbvPhpyg_0000', 'm60rIxksBk--mrPFEyCfHw_0000', '1afVgFvgec1PQT1BaiKF9A_0000', 'gWwsUphw8EwyTzSaWGnvmQ_0000', 'Nfp24GKT0UPjU0TgTbiHuA_0000', 'YS5zQpRtA0ZSYr4VskwClA_0000', 'si6g6JmeX2EeBLBTKf9alA_0000', 'UJmctrUSn7vhBUTRIox-nQ_0000', 'ZZSfU4ByglJnBlKfaC0sQQ_0000', 'AFKBV4FXe-fz76EgjGXa1A_0000', '1lA6yQutbrjX3cmByp3z-A_0000', 'tMKoDRWM1DKBwBIKTWWi9g_0000', 'wq3v0ZwKfaxf4K9n45QL0Q_0000', 'i8JWdOa4xTj4TNpVEnOI8Q_0000', 'rJBByY8zlmFbYwY6GLFFvA_0000', 'bB5nFDTTOJudVea4GywdbA_0000', 'VDhRxRBPuhJifsqiB0eDYA_0000', '09lwQBVEm7letN1cEBQXSg_0000', '7MChwhligmL5GPo8FuLzSQ_0000', 'oWK7HCB3Ta00QHUuiD4GVA_0000', 'QN8l5E7Qmz6dexwboBnBRA_0000', 'au9osJ7vslBUyTyvp4AzXw_0000', 'kogmrGfDuNjssLiuPj-6ZQ_0000', 'glUpIdEWRPulR-69ePEqjw_0000', 'ogiVQc2lkkJU6kbGy5biMg_0000', 'gCo5vYmY1Cd17vOco9FsMw_0000', '7D743dewJQQYhqKRteGOmw_0000', '3xYgdKaZKeHO2hCgdaOQRw_0000', 'ZBqaQjcDWtFEoEeh0lR-Bg_0000', 'qmIYfBd4J2PYUZYaY5QVIg_0000', 'KFN1j2yH9ZWqZxZoM24oww_0000', 'hdVR2RhP4RvLS3zU3l9fdg_0000', 'TZxlmO2tTZPbH2wPb7iLqA_0000', '9hjW477NE8agG1qdsBORtQ_0000']"
hospital & health care,entry,health,3,"['yihOZNG7HLBS206q4l7yeg_0000', 'PlgQ6oTHQBDbYH2DSmZTlw_0000', 'x05PSDM3oiZDlVtjAaEU8A_0000', 'vgluPrPHNPl0T4vKGDKXsQ_0000', 'AbWzk31hpExBJGwYzEbgVQ_0000', 'VtSuPIwxO0EEb7lmheIMYw_0000', '5hcg7WMRv4YzqKvh3io4og_0000', 'lO1r9LJ1rE9AOcdjCsogAw_0000', 'JA9WtQo5rBmg7rP8hxaFwA_0000', 'xSTthmz2ydzyRaH7BY-p1g_0000', 'cKA39lCIepkZBIyFJosBkA_0000', '9aDIq0qb4gc-6fRDKIqbUg_0000', 'i58teP9T4ub1eaaJiHyZCA_0000', 'B02gsFgrcnK43NC7kAcwdQ_0000', '0429F2J0poPq4afD2HqHqg_0000', 'EUD-wcm7-TstxppqY74KVw_0000', 'bMLcb14CGll1BlJ72Yxcjg_0000', 'SmU8AlBBCxsVUr-Rf66l6w_0000', '9BxudHA3xmkaTfLszXK6Aw_0000', 'Tgl-gZd5J3Smbk9-F5ImUA_0000', 'GceqUAnxMJJj4PBfOZyBWQ_0000', 'xUXyaZylJ42FJ3NF6DTtMQ_0000', 'IfkX-gOaf-6vBl7IDBFXgQ_0000', 'l992dO9NLXXTduMZjZHLHA_0000', 'axJB5LDGkoRCc5k90EH0gg_0000', 'BV1ihgX8IwhGDmTVT0UyaQ_0000', 'dqBytwHAA-tmil8BI9gZrQ_0000', 'FL9cMHbZBX5PQJ8RhlFntA_0000', '5B4lZJXJXjlrY7fh2D9ZOA_0000', 'zYPNw3AXLUiQlvlY3aMcAw_0000', 'djcxByhBw--d-az6ffQ1Rw_0000', '69RAA6O4Eoo3zwDvPhYkaA_0000', 'SjJ6ocjY7BNPBSnmeRBldQ_0000', 'MT5p6IQgrZQew2GHBHUDLw_0000', 'z3FA5vBCXrpcJjl4giYcqQ_0000', 'ztO4zoEEhl2pX-vLgjuuuw_0000', 'c4E1w7lVypXHxA-VEy7MXQ_0000', 'yPhTPmagPhaQW8R1JW3w9g_0000', '77TNZf2inPTHbWpuro2bCg_0000', '0U0DJCBUqH2bgNw7o3CWBw_0000', 'gu3llT5No8kpAsJC2J8EaQ_0000', '-rWn0cx8HoB16moRJh2nWg_0000', 'OlFG8B76pheOwDF4BWOfqg_0000', 'EXDkWb3FkhBH6MT9HYckHw_0000', 'BYwFFwOLZ5wDvn6HwX93eg_0000', 'afEQuTrcvJPZ9Vzd7X2BBg_0000', 'SJplSIwcbH2tQsbK5iSr6Q_0000', 'n62we8GGwqd70EwlPmHpNA_0000', 'Sp5cRkQPciQ0p4AMwxTgUA_0000', 'wgt2yZPhsm-RqCYctX8isA_0000']"
hospital & health care,entry,health,4,"['qhkLiemjrri0kNDnN25X6g_0000', 'AKE1Tm4hy2IZReB3g8IAuw_0000', 'nG7-np7dQUr-oylwCukr2w_0000', 'fzX3ikFjRBSvemGq6dLNWg_0000', 'rr1Ir7r4WO2N0B7FmWYzdg_0000', 'hNjGdJ0mf9I-hU547uiBGg_0000', '4axPG0qod5E4GQa2OoY4yQ_0000', 'ILTjEE9IOq1-B635vZ2tYA_0000', 'BxJ1wo9hiTLY8fBQrgvb5w_0000', 'YqtHp26zyQRTtF6UzFXdOw_0000', 'mWgCv1dnOoDgW1Z5r68vHg_0000', 'NOgYTcHpB5iuX8mgvDgekA_0000', '4eWVTSM2p4NvpfeltbsyWg_0000', 'rqge6mH6WDTec2o0juZ2uw_0000', 'lSNk785O21eGiY4hh9j4xQ_0000', 'TaxViZmLUnf1qgK5QK-YpQ_0000', 'Bu6FnSYdKnzT9T430pV5dg_0000', '6iZceJ9Yuq5TYuImF4bckQ_0000', 'QFQiCMYuVB2tMl9l2VxBXg_0000', 'FfuFObGVFqApLdTDrmgNVQ_0000', 'vKhNLJ9wO1AU2TTcW0C7dg_0000', 'Odaq88Mu-bsb757u8QIzGw_0000', 't6eHJ8Lt9CWJRtE1U2Ha2A_0000', 'RpiFJNa6JPONpTlZswx3lw_0000', '9UjzzsQxyBh-daqf82YPiQ_0000', '6lkI55IPreb5fmHdpJ493Q_0000', 'UPivklemj5HbV9aGy9foEw_0000', '1CXx1uGO9OQJq51ysOrm5w_0000', 'acMAyf6bi9qAYXV4CUB40A_0000', 'bH6j27nX6zN1wUSzjF2llQ_0000', '-J-HXqFl8hPpOHKyIjkMBQ_0000', '03ziuGG-hwkGq71hUnjntQ_0000', '0U3VkyBJ6dDrxscKiC0LHQ_0000', 'jW4gQ1Xj8lnNHC30jCEnww_0000', '6U7yuBCGXqvF0Ji7d4BlQA_0000', '-cLyvKX6Kj52NyKVnF40Gg_0000', 'R50oZ2AdvHw1l4WxR5VWGw_0000', '2zchevo0j3jOaa0pGw5PbQ_0000', 'OMzvVTycp5nNkVyfNLGIEQ_0000', 'i9DG3933AvIpBUiraP8ZZQ_0000', 'qLzBWJZgByspAt2QsLqcTg_0000', 'PhYlvmukUr56sUUQravsnw_0000', 'tsLSLm4arBzReJnMBA-Mrw_0000', '3vQBDJB0nlcaqs0gJZTrTA_0000', 'Y-sMsCe0VWXn7Yu4Xvgfpw_0000', 'fN5E4ikxqAXnrw1Uud9g4Q_0000', 'EQUd7tWK4A8MdRxFbN8W7A_0000', 'ABP8ALHokCi6-TtxZxtziQ_0000', 'uYC-6LQ-ZW6YyH5eDGPQSw_0000', 'MjFKbK-JsefITl8WukRoFQ_0000']"
hospital & health care,entry,health,5,"['etE2ZFvDjqFYf1ArZBrVdA_0000', 'FzgdoU0pRGkJh8pUEC-9Kg_0000', 'QeRo0W1KCGLz9raVaWHWbA_0000', 'AtgrXAMqacm70yGBml37Lw_0000', '8yt1BecOXtPqLoG54APMHA_0000', 'OgrHuXoawBExUKzEwR2jcg_0000', 'HQBm5x0DFp-ula7PID6UXA_0000', '3iYDBvASAyj4JfzR40oq1Q_0000', 'gIdOQBzJOuw38LORRIAvaQ_0000', 'qgwYs0hYYdL46b6SOzrPVQ_0000', 'zMxeB09d7mBSMIKEzGTBvg_0000', 'A1Dw6aFpIO7at0gqeBpcBw_0000', '2-jR8VyNnudGg3nFjT69Cg_0000', 'A65yI51apjnT5EUoEVgIWg_0000', 'Truyb9riNOVOuPhTyEVzZw_0000', '69jexuO4aFQ8kstAVNu5iw_0000', 'gav0ZHdg23pN6ZgEivKB3A_0000', 'VPHLuXH471Ggp5iB8ASy1g_0000', 'riPch0Vt2lFBxECPso4rjA_0000', 'uRv7RmwB505r7tJdS-PqCQ_0000', '1mRLYf0C1s78T6-uYWWdmQ_0000', 'LBn1Jlxvhb3B6ocZJxN3Hg_0000', 'DgEto6FM3XyZUpIGO-Jv4Q_0000', 'd9Af6SD7vOEBaVByZ3q0vw_0000', 'edQUnXKfPpkIRS4J0TbSWQ_0000', 'LsvQvXYp1WpUqPROY3Aq7Q_0000', 'GJpRpmmaQyJdtxmMC6NlFA_0000', '-G8p28BYonCRfSeZLgHNag_0000', 'EQiLOSwGMeZ5qKkDNfod7A_0000', 'pbV6LATdphzty3B2vsemUQ_0000', 'lB39dQ4kYnxOLBblN0f-kQ_0000', 'tVFarO5ogVAgvJRih6KCWg_0000', 'YmtrLJotVNZj7BZnZTnmhQ_0000', '3AmnqPD4QWVxHaa05eM0eg_0000', 'n0gvPLgr1XlooAqYMU8yVQ_0000', '3JvKSFEKyORhHISIiLUJBg_0000', 'K8OGajay4tLd4lcKypZgbg_0000', 'NrRjB-mtqbOFecpw7PNcEQ_0000', '9uGcuG6OkDpEU9AwPA89qw_0000', 'E3c-l0b8kUM4qOYBh95teg_0000', '9zoBtoKFnqdFkt308ilYcg_0000', 'gfI42jq5QODPkK5HhjVcRA_0000', 'pgYjiruRsscHTPGQ4jYnpA_0000', 'eCFEhTyfWlI3x-7-AHCN6w_0000', '1urYXtMGpWuK1lyVno04fg_0000', 'zM42Tbi6C4Erb92gBzCKuQ_0000', 'bB6ZazX1M2wY3oYvgAdY-A_0000', 'NfTUWy7CNBmIl5AnK7O9fQ_0000', 'RWk2-A2AXSNULeJYzbdB3Q_0000', 'W3OBCHQ7ywKwj2OXeq12rQ_0000']"
computer software,entry,engineering,1,"['1LzQRzMOhBSqU2hQna5aBA_0000', 'PRwYc9xFy5nNL5FktbIjFw_0000', 'jFSfZ5mIMWQEvaBgzAN-Rg_0000', 'jxzk-QG0E-ojimEKu6pgDA_0000', 'BQerl0sbBZiifGJm6rKNZQ_0000', 'Nk6V-yYD2BqnMOohv9m9Nw_0000', 'U82uRXfjS4dLYsmvwpQkLg_0000', 'S-cQC4DHGJyhUyBvUgo3iw_0000', 'f1gpwD3s2i3QB0AaB0UoGA_0000', 'wazNdIEiN7zVxF3fC-kpJA_0000', 'AXq0Ng0MrQtgY09mbUjICA_0000', 'sogDNs8EBy5J9WfoqGRH6g_0000', 'xRi9PtPmGqVDnMPQdE0h2g_0000', 'bnGU7scsqvUpsonLZBmZbw_0000', 'eDzG9zKeUCljJ-DzJFAEoQ_0000', '5Ksa61kB8QwmkUv5xr31YA_0000', 'KIBeackoPouBtwUsZoOBdQ_0000', 'aS1rWifIuASHQTpRzwbavA_0000', 'kZm7x2WdjMUDh-f6AYuV2w_0000', 'mMb0p9IdmaziSaWNoaDTLw_0000', '6MOFMQLe7Wmt0jui3ue7WQ_0000', '4f9mwlObb-hRBzBtUxXcgw_0000', '7HSDqp59cnB43FQFL9B5SQ_0000', 'qQiE2-oQH1U1vnXBcMuVgg_0000', 'peXmeQi6mWugYgKaRMdJfg_0000', 'MofphuARcn5d926-sNawJw_0000', 'T9D0OQB6uNUMIVlBr1bsHQ_0000', 'yeyVb8MSqvbeUF8T78HXGw_0000', '0aLbg59RvPxXuntXBJL6kQ_0000', 'r3uZCtN2u1q74COT7iOS6A_0000', 'SQ9XK4ywte2EisIzAjM1NQ_0000', '4yMrgll0c0t0IW7u0PqdFA_0000', 'qfogUB13BIy4aWBe6D1-Kg_0000', 'Bex8WBmH60pww0JOaVVaKw_0000', 'KJrkyic7G1sdvFA3cSVR8A_0000', 'NwGgD8Bc-01OSjmVvcw5NQ_0000', 'BoBoGv5L6-mqggHP0xVwhQ_0000', 'ZNGLehDRtIglCrE72YuTzA_0000', '8gVTyKwiOhulZaAVvr10iw_0000', 'XgP4t-FWABZJz9Gs11YqaQ_0000', '6370GlJaHFX6P2VrRvwysg_0000', 'JCII2RKHCBugrNWZdn21lw_0000', 'cBjh8JWz0d4F0SeicyiTtA_0000', '-By1Ppvlz1ukNWEj6yYsxw_0000', 'dWoGFz--zFrAv86KoNF4QQ_0000', '-Up4LHWABNOTxcmxoaZRXQ_0000', 'aKvLUEpgcy1-c4cLaIZjng_0000', 'Bm8UQbLZvzO7tH-J66Go6g_0000', 'MXPb41WoOue6YIyuKWwTww_0000', 'nscMpEivc8hDxdGD1YhUtw_0000']"
computer software,entry,engineering,2,"['HNe7WcuaH7QA9H3yvc46xw_0000', 'pWmDpibnBo9Dkvep-BDwUA_0000', 'GnXKp4H1SHlMb-5bCf2fMA_0000', 'CyrhwsDtNh609wwLZqtdWQ_0000', 'hJmzIHSlUMbjfXwN8Hzo7g_0000', 'sKGPNhUsZwsgwzZcn3Tb-Q_0000', 'xZy6DOd5lvQ8bvQxtYRpew_0000', 'fDtYarSxQOqUOXIUM5RSyA_0000', 'soZ9LxB7AbAGoBa0ZjjI2Q_0000', 'gU30HdSJI1baNIjFqS4Q3w_0000', 'mw72B3ez7OmoyWOlxShJhA_0000', 'C0EeicEhczMSWIgcH734bw_0000', 'rgftjzTaZT2TtlL9oo8Vng_0000', 'vEN4exVRfQR9aFAF9Fa6PA_0000', 'fWRUwyEgSSkK3xDvMWtTAw_0000', 'wSm-F3ahblnsXkbzfI6qnA_0000', 'zZjNZot46HBgxEsFHBVDdg_0000', 'Dj-hDP7W7SjHr-itGCIvCw_0000', 'XKt2H8IcppRBh27TNilJgQ_0000', '0X5vxHfrlVRTNpT77zi1og_0000', 'YUeuJOcVD6rGK2bq50u9ug_0000', 'voH1j8QIho3KD1SQ8X49AQ_0000', 'KLIIt9pBwmjNghvh09Jnsw_0000', 'FJspfTwxWvdmcSing63PNQ_0000', '9DZm4w3XtlyfrROn2BAqJQ_0000', '-q9Yz58PobgfcD7cBiBs3A_0000', 'JTwJF5ElxtAFqFeJLVBSBg_0000', '6OlsuM7XvQ2vWoSw0ZBusw_0000', 'gBdiB2QMm41n0b27G0ZMSg_0000', '473Ens1y2bAfl2sQWl-RAA_0000', 'YfB2M9jonAxC2YGa-YX57Q_0000', 'EmuOYuCBAQFSCE9B2erlJA_0000', 'EWZdEhCAKgM1KS2ICwLRMA_0000', 'FPKTt2sNKSBvjSzn33taBQ_0000', 'lMy4tw7mt7jhjboFfQ80qQ_0000', 'DRxpBSoKgJ39QRzdJMjtng_0000', 'ncD0hy1krOv9Mg9MlHnQQg_0000', 'W1RXhzTUoLtq0zBYBJW15Q_0000', 'Bdc2F1poGcd5MUt1r6ZYog_0000', 'tJbWiGD6dA4uwO77Oy4UqA_0000', 'lGq1J-3s9NHbzmb4Er6YEg_0000', 'n1hmz6gjY0MWS1ejLqGI1Q_0000', 'ckR03axhxVg9yGqMmwvGMw_0000', 'V42hXOHiMir8sJyoym53bQ_0000', '5ZpmNtLVOwNWJwvDZtmhQQ_0000', '88UrUlPHPzBp6srHB0Yaxw_0000', 'oFUz2cOdBtUq8Q4WST0flw_0000', 'ezs6MvRx69515Am4YBTB7w_0000', 'sGVBFhRMeZpxJAofh3yFzw_0000', 'W6hm3s2kbwlFrbrPIxDIFg_0000']"
computer software,entry,engineering,3,"['rGWkEZGfflGr2Id-O3ACJw_0000', 'LYBtShAuZ36F2FOM6xRqXA_0000', '6RQzJBu1M0XNv3ZxfMNufw_0000', 'waGfXqGbBkel-AJStcowRg_0000', 'P77Lw-UoFh91jOcUJPE5Ew_0000', 'XBbHPHTBHvjTgUWjWawblQ_0000', 'BVgCw8FDnuRQkQaqh0lynQ_0000', '2mqRYyBx-39Lcb7cc7su8w_0000', '9y1paqmkfj8013oFrQvWag_0000', 'hzVsIL-yFXFBsJ4IhDZWCg_0000', 'AcThPh0RBSfmACwxBASy1Q_0000', 'BpAOvt9zLG5jW4v7vM6Z4A_0000', '38eIhiZRW01dN2ZBFzwziQ_0000', 'b4JjF95QesD0pcChNsG92A_0000', '00BobCQfZ5YKWO4cXzzhdg_0000', 'tNhYTbyuO9wzgjqaEBFIVg_0000', '8o3sgJnQixmXiiD4WKiDQQ_0000', 'AGAL-QD-FWUTlAxk1mweYg_0000', '81peZrMxMMH4pqLcEOTIPQ_0000', 'CieUq5V8bsgKvZycyPb6MQ_0000', '7VxXxU30dbw0jdW4N-S6Gg_0000', '6QTxxWOKfn36XQyQ7YNRKQ_0000', 'WVBBiHlk0wB1dRd1qx-SJA_0000', 'WpNaWpxLXZHATu7SAcJHeg_0000', 'AX37xgAfy1R9OkHp8RJoHQ_0000', 'e4yOFQLLhv8SBCl9W14tTA_0000', 'Jq9rYgWDQpr3KM6PgTcXEg_0000', 'PpIiyKJBYynBo92-KzHjOQ_0000', 'gEhYkZW7k2Z1kZT1PblXcg_0000', '8015mm1FYK9N1KuFpueqxQ_0000', 'Kdx5Zry8VO3jg-eWeeIsIA_0000', '0FaV5aEOGwTL0v7EQxjNqQ_0000', 'OHgBvJ9Pvhigu8As1Ktcsw_0000', 'FTiBC4ZpgLSEWBu3F-pMJg_0000', '-Wx9Th9fBB9vM-i3A5CF6Q_0000', 'VvDauMYBsFGSiiLZ6QJqBA_0000', 'zlZ2KAjSTcnjB1KtVUNWPw_0000', '7hcdgLKIMzc6ERib-2fWvw_0000', 'NE0HmjjlnykTIeVmhnhUdQ_0000', 'PvM8viRifcR2JETHpBhEGg_0000', '6jHG3jwRsCBBDPj90rT5qw_0000', 'aKQDdnY7t0BPPqAhJRlMnQ_0000', 'XBqEwcUeCWc7F4XloIjyeA_0000', '1L7wyRwzg5Xi3jxf65qD7g_0000', 'RYmwvPnz0ihV71SPQWM03g_0000', 'HWYUHvvZ7qDs5DsBMrGFDg_0000', 'k1h-zExsPgtuhPVvOXoJ8A_0000', 'JOwpiCx1IjHa826mXAsUzA_0000', 'ggGCIOnPc0q1ytreBGrkBg_0000', 'kPo6K1tyXcohB0atPM4hCA_0000']"
computer software,entry,engineering,4,"['KcPi11oyGyU9nBEd6G3BPQ_0000', 'aMrpCNQ2MDX7Q6ISp2PUVQ_0000', 'S9vmt9rk2DNk3ZUz5dzq0g_0000', 'B4yO0wLattXcHf7qgTUHBQ_0000', 'S0s0-uyhMCbppgQkOIVCog_0000', 'ZxgS1XFR4MtjhqA4S5BeaQ_0000', 'bQOABI8N7ohbD9pkgUxEeQ_0000', 'E9r6IU0Asw62k3jAv53z8g_0000', 'U0t0KVifKtifyEF3ZERjjg_0000', 'LMYf46hDLP2TL4-9hTfybA_0000', '2Bb9vlUjX4OD-ImYtOrmMQ_0000', 'mK8IGYA990aglxKxFkqR8w_0000', '1q2C7dpchqX8mG5H7Bq8SQ_0000', '5hFOBOdKZYuiuJIoaROBEQ_0000', 'NKrOo77oWDQ9Rl-v0WgvXQ_0000', 'WRD8E46odP3qIkjfZx8lHw_0000', '5K8EjJp1RfmIliYqlxm9aQ_0000', 'BTxF8XsRj3WWgs2WR5UIag_0000', 'n4rsSZuYuydcPpcu0350tg_0000', 'IRY5LmtkXplEjrHdPKQ9uQ_0000', 'BtUJXTKPdBFWUY0PvNLyiA_0000', 'IFW6W7DJq-BnOSUDJ6yiLQ_0000', 'Y-EqVgxtfVJB3FrB5DQZVA_0000', '7WLOTyuTUcSXATPSPGDa6g_0000', 'NFEsVuCGuaiwOcl8MGKfng_0000', 'a5U4OnjRMP257LKlU61M7A_0000', 'EANI-Vygg-7R1jdr4pdeBA_0000', '2AHZlYS-B7bYhKBQvarChQ_0000', 'WO-lWsSQGWYTYr7EA9wSew_0000', '468AC2gvoXhjTGRVLbf1nw_0000', 'JwEwLPc57ZCTAQyLtlO45w_0000', 'r33RDA8B7smPpGVbmHYEhQ_0000', 'MP8afz3m7fYRDC6X78cYnA_0000', '6jeE4jENaT7g6eBoY6fZXg_0000', 'vRMtrtQf-xf0HWZAITENHw_0000', 'UFhsrZgBRXmdCESN4kmenA_0000', 'z9jEydDECTJi-RF5OUwknA_0000', 'xROpP1Nq7LnCNtUDnH590Q_0000', 'MlnEt1h6MqHmc1NR0vuG7Q_0000', '7A9-kBnV-n7vdTFXkSAJ7Q_0000', 'l-SZsBrZtJO43A0wsoCRqg_0000', '7ZCY4vbOBfTpM4F1N6s5xQ_0000', '8CqSoBU8zVL-Jm4qn8aFBQ_0000', '89SexWW3YcpG-O7ZVrUbJg_0000', 'oQHnPOhtmzFlRaMUMrvjxQ_0000', 'HYWYgc3h1L3J42w7znSgnw_0000', 'zN8FQjRBFBGm2tIQI5oOjw_0000', 'MNXtoUAyzbAEuTrO-sDb1g_0000', 'C2onGofueazdSsyTn2TpCg_0000', 'drAALjZtULom0g7OYEiwAA_0000']"
computer software,entry,engineering,5,"['9wZDbqzyzY7XdmVkQIHP9Q_0000', 'WoFu5YvFKzP-TnbinRe6Bw_0000', 'cNbUnbOPJVl5x1F8yTMCPA_0000', 'Q4O5YWf6YdJl8dV8F8lYlg_0000', 'Cj9PU0FOK-7ieaIqHwdVuQ_0000', '-MTgMV87rZh9YtJQMZprFQ_0000', '0B5ctklbmLItv913Uud3XA_0000', 'asYoBxr9i5ldvAfxkV5ufg_0000', 'T5EdUbxgosZXVOs1K6eLCA_0000', 'TOHLJNf-yqjRa5VH4fKg8w_0000', 'S9KxVR7VMgJ67wbSxZKQIA_0000', 'j6-dsrjV1VeEzXYIgW6yLQ_0000', 'A0mNXJfhqiQr2gluCTsQOw_0000', 'FnfO3T46olNI2F4xoYACJg_0000', 'Le363j6KCaMGTXKh9-JCTA_0000', 'k0fpW0i5OYRTVdFNJ0oUQg_0000', 'Ob77vSVyTVZb4SQsQGcPUQ_0000', '1fy45LJPJxZLtudkVDRziA_0000', 'bpOWh6hLBCjBh-RF5FSTvw_0000', 'jUpcEXXTcbClOgRAqpjf7w_0000', 'BLLWFK8FGaLoLHLJf45Wpg_0000', 'mMGEl8E6p-8YQh7kDBWnvw_0000', 'bBDZmro-mNuXTzHsBpYeyg_0000', '7biu5zrViuXvLmcr8KVuxQ_0000', '55aRygRJdzp2VtNWTryWrQ_0000', 'Uhtw2BNiYLyrjPZxZyK81A_0000', '6tUZtwpDxINSyFZfvT6GuQ_0000', 'KTp7EyBnVmICjZwC1Je26Q_0000', 'JGbB7COd8pY28rAl3BnMFQ_0000', 'V8xqojegg98Hb08WvXg67A_0000', '8NDFPWSRQE0V4XBeOwSa-w_0000', 'kbFqFSqYNmXHhZJuR539XA_0000', 'dVg6zZbeXJLL3kOk7Rew0g_0000', 'oIXQygP9BsFYMoSXTKOiDw_0000', 'y5p3ItCih7wTB3G1uw-KGg_0000', 'O7lTGiYrl4zATopQShZTgg_0000', 'ZmwTj4aFOwCQFx8fO0BOjg_0003', '37Zv936zd9VZ9zjjKd7BRQ_0000', 'pGC8qpTFisOMPmEFZyYO4A_0000', 'WfTRCVQZvOkEvKTmbEYIAQ_0000', 'ilBGBbpXwsc3FqI0JBMnKA_0000', 'H-oomH3eIRZF47k6hQBmfg_0000', 'fBvFQHHoppe7NDssMNTasg_0000', '2sIdGyoKBXNoJMugMPOL8A_0000', 'Q7FduqBmaj5JCVsYdlKcKQ_0000', '0AfddYRjBP4ZTnwqkfRt3A_0000', 'Y-JAvuMatwwL9U4sikg-AQ_0000', 'dwFbb0wVjOmqUtHam6xQgw_0000', '5EqiIcNZz3mAOQMcquCOtA_0000', '6S7gmX8BoPxL0hcM884PSw_0000']"
